"","subreddit","avgWordLength","wordPerCom","avgScore","gilded","comPerSub","author_count","avgWordLength_ptl","wordPerCom_ptl","avgScore_ptl","gilded_ptl","comPerSub_ptl","author_count_ptl"
"1","4chan",4.43,14.53,30.49,98,152.6,48459,78,5,88,72,72,82
"2","abandonedporn",4.35,21.09,8.31,24,69.7,27766,60,34,33,30,26,48
"3","adventuretime",4.27,16.35,9.63,15,66.97,22640,27,9,43,19,24,31
"4","adviceanimals",4.25,24.88,43.7,452,186.9,87178,19,48,94,94,93,95
"5","alienblue",4.39,20,9.93,10,38.44,13570,73,25,45,10,5,7
"6","android",4.36,30.66,17.71,90,189.4,47847,64,67,73,71,94,81
"7","animalsbeingjerks",4.24,17.02,12.77,26,62.11,24884,14,12,57,33,21,40
"8","anime",4.35,21.18,15.4,60,122.1,29932,60,36,65,61,55,55
"9","apple",4.35,30.39,10.58,51,152.2,34607,60,66,49,56,71,65
"10","arresteddevelopment",4.27,14.42,13.28,19,49.91,18551,27,5,59,23,12,21
"11","art",4.35,24.37,5.06,15,79.37,34029,60,46,9,19,33,64
"12","askhistorians",4.75,64.86,24.35,220,100.9,22423,99,98,83,87,46,31
"13","askmen",4.24,46.36,24.71,328,181.6,37834,14,92,84,92,89,71
"14","askreddit",4.28,39.04,701.2,7127,199.6,115344,31,84,100,100,100,100
"15","askscience",4.66,54.27,27.13,285,135.1,46254,98,95,87,90,61,79
"16","askwomen",4.21,48.75,24.71,224,177.2,36160,8,94,84,87,87,68
"17","asoiaf",4.38,34.45,28.68,100,168.5,30613,70,75,88,73,84,56
"18","astronomy",4.38,27.32,4.91,9,42.96,13050,70,57,7,9,8,5
"19","atheism",4.51,32.24,25.14,242,190.5,73181,86,71,85,88,95,93
"20","aww",4.19,16.74,27.67,328,169.7,89646,4,11,87,92,85,96
"21","baconreader",4.25,23.94,2.7,2,14.17,4644,19,45,0,2,1,0
"22","baseball",4.25,20.3,18.4,115,143.7,26544,19,29,75,75,67,44
"23","batman",4.33,21.15,9.93,12,78.13,21117,53,35,45,13,31,27
"24","battlestations",4.2,20.91,5.23,29,125.5,31515,6,33,12,36,58,58
"25","beer",4.33,32.36,5.9,15,97.95,22777,53,71,17,19,44,32
"26","behindthegifs",4.33,13.93,17.06,23,35.07,13782,53,3,71,29,3,7
"27","bestof",4.45,42.07,17.79,283,169.4,68001,79,87,73,89,84,90
"28","bicycling",4.25,26.49,7.45,33,117.2,26222,19,55,27,41,53,43
"29","bitcoin",4.53,30.87,8.85,516,156.2,27327,89,68,37,95,76,47
"30","bodyweightfitness",4.31,38.42,4.26,6,45.41,10424,42,81,3,5,9,2
"31","books",4.39,35.45,18.8,180,158.7,70090,73,76,75,82,76,91
"32","breakingbad",4.28,18.75,33.88,55,127.5,45390,31,17,90,59,59,79
"33","buildapc",4.27,33.15,9.26,67,153.2,35942,27,72,39,64,74,67
"34","business",4.53,43.72,5.59,8,123.9,22241,89,89,14,8,56,30
"35","buyitforlife",4.29,40.59,5.19,15,76.63,21479,35,86,11,19,30,28
"36","canada",4.48,33.65,11.1,75,168,31480,84,75,52,67,83,57
"37","carporn",4.21,19.36,5.18,7,60.42,16006,8,21,10,5,20,12
"38","cars",4.21,26.01,8.88,26,141.1,25615,8,52,37,33,65,41
"39","cats",4.1,21.36,9.33,74,94.17,31396,0,36,40,66,41,57
"40","celebs",4.26,11.61,7.99,12,32.03,13315,21,1,31,13,3,6
"41","cfb",4.3,20.85,24.88,145,172.7,25175,39,32,84,80,85,40
"42","changemyview",4.59,88.25,8.6,192,167,28535,94,100,35,84,82,51
"43","chemicalreactiongifs",4.47,20.3,9.12,13,39.18,14094,82,29,38,15,6,8
"44","circlejerk",5.29,21.17,22.9,263,150.7,41473,100,35,81,89,71,75
"45","cityporn",4.4,23.22,5.85,5,40.9,14198,74,42,16,4,8,9
"46","civ",4.39,25.44,14.88,39,92.84,20404,73,50,63,45,41,25
"47","comicbooks",4.38,25.76,9.66,23,117.1,20934,70,51,43,29,53,26
"48","comics",4.36,22.45,16.87,78,115.3,37145,64,39,71,68,52,69
"49","community",4.34,19.67,17.69,24,102.9,28814,56,22,72,30,47,52
"50","conspiracy",4.54,36.49,7.44,66,152.7,32062,89,79,26,64,73,59
"51","cooking",4.28,29.31,5.94,21,96.91,28219,31,63,17,26,43,49
"52","cosplay",4.24,17.42,5.66,9,45.48,15264,14,14,15,9,9,10
"53","cosplaygirls",4.33,14.02,4.9,3,27.44,10774,53,4,7,3,2,3
"54","crappydesign",4.41,18.88,15.71,34,58.88,19970,76,18,67,41,18,24
"55","crazyideas",4.4,21.1,15.19,59,94.21,28573,74,34,65,60,42,51
"56","creepy",4.34,17.67,10.84,62,109.3,52380,56,15,49,61,49,84
"57","creepypms",4.29,22.43,22.01,71,107.8,24557,35,39,80,65,48,38
"58","cringe",4.33,19.04,36.15,126,178.9,52440,53,19,91,77,88,85
"59","cringepics",4.32,16.17,40.01,145,166.5,59963,47,9,92,80,82,88
"60","dadjokes",4.22,13.22,22.47,42,50.74,21644,10,3,81,48,12,28
"61","dataisbeautiful",4.57,36.62,16.01,132,124.9,39965,91,79,68,77,57,73
"62","dayz",4.27,26.37,7.83,39,125.2,29264,27,55,30,45,57,53
"63","depthhub",4.65,70.12,6.09,17,44.13,10757,97,99,19,20,9,2
"64","design",4.39,27.94,6.66,13,65.27,16654,73,59,24,15,23,14
"65","destinythegame",4.24,28.91,9.95,115,167.7,34281,14,61,45,75,83,64
"66","diablo",4.29,36.43,8.84,25,155.5,33862,35,79,36,32,75,63
"67","diy",4.22,26.11,10.71,90,164.3,59791,10,52,49,71,81,88
"68","doctorwho",4.27,19.39,12.76,41,107.7,33066,27,21,56,47,48,61
"69","documentaries",4.52,38.96,5.22,32,83.08,29578,87,83,11,41,36,55
"70","doesanybodyelse",4.19,27.61,8.48,19,147.6,50875,4,58,34,23,68,83
"71","dota2",4.36,21.23,21.84,168,178.5,40060,64,36,80,82,88,73
"72","drugs",4.38,33.28,8.59,39,114.2,27076,70,73,35,45,51,46
"73","drunk",4.2,16.83,11.58,22,58.46,19012,6,11,53,27,17,23
"74","earthporn",4.32,20.51,6.3,72,137.1,70322,47,31,20,65,64,92
"75","eatcheapandhealthy",4.27,38.58,4.91,21,52.46,16571,27,82,7,26,15,13
"76","economics",4.64,54.87,5.65,26,162.3,23230,97,96,15,33,79,34
"77","electronicmusic",4.33,26.37,6.63,12,69.56,19067,53,55,23,13,25,23
"78","entertainment",4.38,28.16,8.59,2,131.8,29130,70,59,35,2,60,52
"79","entrepreneur",4.38,45.69,3.81,99,84.71,18269,70,92,1,73,37,19
"80","environment",4.63,45.48,4.4,8,78.69,15798,96,92,3,8,32,12
"81","europe",4.6,33.4,11.04,47,144.4,17109,95,74,51,53,67,15
"82","everymanshouldknow",4.29,38.22,7.81,39,62.63,23158,35,81,30,45,21,33
"83","explainlikeimfive",4.52,48.36,40.52,919,190.4,86752,87,93,92,98,95,95
"84","facepalm",4.36,19.66,16.07,56,139.4,46897,64,22,69,59,64,80
"85","fallout",4.29,20.26,14.32,20,102.7,25978,35,28,62,24,46,43
"86","fantasyfootball",4.2,25.11,9.27,97,152.7,29258,6,48,40,71,73,53
"87","fantheories",4.43,35.55,13.77,10,80.86,22107,78,76,60,10,34,29
"88","fffffffuuuuuuuuuuuu",4.25,19.75,17.21,32,153.3,59366,19,23,72,41,74,87
"89","fiftyfifty",4.25,12.45,12.31,28,80.76,31168,19,2,55,35,33,57
"90","firstworldanarchists",4.43,14.38,15.04,75,92.9,37461,78,4,64,67,41,69
"91","firstworldproblems",4.28,20.35,8.73,15,88.23,30510,31,30,36,19,38,55
"92","fitness",4.26,31.2,26.58,206,186.3,61019,21,69,86,85,92,88
"93","food",4.28,21.51,10.19,98,152.9,62570,31,37,47,72,73,89
"94","foodforthought",4.59,61.53,6.71,47,75.77,15435,94,97,24,53,29,11
"95","foodporn",4.27,19.21,5.67,31,90.14,34785,27,20,15,38,39,65
"96","freebies",4.22,20.05,5.89,9,65.08,25915,10,25,16,9,22,42
"97","frugal",4.27,38.09,12.48,63,166.5,48164,27,80,56,63,82,82
"98","frugalmalefashion",4.2,24.92,3.98,8,75.05,18545,6,48,2,8,29,20
"99","fullmoviesonyoutube",4.68,33.29,4.49,4,13.62,6423,99,73,4,3,0,1
"100","funny",4.3,17.3,64.64,613,188.2,106878,39,13,97,96,93,99
"101","futurama",4.33,15.82,9.51,13,51.66,18888,53,7,42,15,14,22
"102","futurology",4.58,42.46,10.39,108,144.1,40720,93,88,48,74,67,74
"103","gadgets",4.37,32.15,6.38,27,119.2,35991,65,71,20,35,55,67
"104","gamedeals",4.25,30.14,8.37,40,141.2,32940,19,65,33,46,65,61
"105","gamedev",4.41,48.74,5.21,48,84.21,18739,76,93,11,54,37,21
"106","gameofthrones",4.33,20.73,39.05,109,163.8,51568,53,32,91,75,80,84
"107","games",4.39,43.07,39.11,133,182.8,51098,73,88,91,77,90,83
"108","gaming",4.3,20.92,57.04,480,190.1,99279,39,33,96,95,94,98
"109","geek",4.38,25.36,12.16,48,137,42110,70,49,54,54,63,75
"110","gentlemanboners",4.3,12.78,9.94,25,70.39,29263,39,2,45,32,27,53
"111","getdisciplined",4.27,63.01,5.1,98,36.57,12847,27,98,9,72,4,5
"112","getmotivated",4.31,28.17,9.23,85,115.2,51558,42,60,39,69,51,83
"113","gif",4.27,15.54,6.14,13,36.84,16312,27,7,19,15,4,13
"114","gifs",4.32,16.07,43.21,445,185.5,94907,47,9,93,93,91,97
"115","globaloffensive",4.29,23.08,10.15,55,149.2,29545,35,41,46,59,70,54
"116","grandtheftautov",4.19,19.87,12.03,44,110.4,28094,4,24,53,51,50,48
"117","guildwars2",4.32,37.64,7.52,32,146.6,28459,47,80,28,41,68,50
"118","guitar",4.24,30.04,6.29,18,96.06,22219,14,65,19,21,43,30
"119","guns",4.29,24.64,10.24,63,159.6,29487,35,47,47,63,77,54
"120","harrypotter",4.34,23.57,14.69,21,87,27791,56,44,63,26,37,48
"121","health",4.55,45.2,3.63,5,47.48,10245,91,91,1,4,10,1
"122","hearthstone",4.32,26.34,15.12,48,152.5,35284,47,53,65,54,72,66
"123","hiphopheads",4.26,20.2,32.65,104,174.3,33150,21,28,89,73,86,62
"124","history",4.59,38.56,8.31,20,88.94,27263,94,81,33,24,38,47
"125","historyporn",4.48,29.7,15.06,63,118.4,38640,84,64,64,63,54,72
"126","hockey",4.26,18.34,22.44,181,167.1,32697,21,17,81,83,83,60
"127","holdmybeer",4.25,15.5,11.19,15,40.69,16636,19,6,52,19,7,13
"128","homebrewing",4.25,28.94,4.14,11,70.19,14726,19,61,2,11,27,10
"129","howto",4.29,28.35,4.92,8,38.85,14027,35,60,8,8,5,8
"130","howtonotgiveafuck",4.25,42.13,6.55,35,43.02,15762,19,87,21,42,8,11
"131","humanporn",4.43,23.32,8.34,12,39,14634,78,43,33,13,5,9
"132","humor",4.42,26.33,8.71,15,80.78,26679,76,53,36,19,34,44
"133","iama",4.36,33.19,309.3,2504,198.8,97072,64,73,100,100,100,97
"134","idiotsfightingthings",4.32,17.35,9.48,9,40.8,16699,47,13,41,9,7,14
"135","interestingasfuck",4.47,21.06,14.79,43,72.66,31530,82,33,63,49,28,58
"136","internetisbeautiful",4.55,20.84,9.24,55,82.5,37620,91,32,39,59,36,70
"137","investing",4.45,44.27,4.61,42,89.82,16884,79,90,5,48,39,15
"138","iphone",4.27,25.92,7.47,19,99.13,25265,27,51,27,23,44,41
"139","itookapicture",4.27,19.98,4.85,12,48.26,17671,27,24,6,13,11,17
"140","iwanttolearn",4.35,56.59,6.02,46,49.89,19020,60,96,18,52,12,23
"141","jokes",4.31,16,21.92,119,124.3,52077,42,8,80,76,57,84
"142","justiceporn",4.31,25.57,23.43,123,146.4,47810,42,51,82,76,68,81
"143","keto",4.24,28.37,4.79,26,91.68,23578,14,60,5,33,39,35
"144","ladyboners",4.17,13.92,10.22,6,59.69,22690,1,3,47,5,19,31
"145","leagueoflegends",4.3,21.18,51.21,729,194.2,68043,39,36,95,97,96,91
"146","learnprogramming",4.46,49.47,4.96,44,74.18,20056,81,94,8,51,29,24
"147","learnuselesstalents",4.26,23.26,10.14,26,49.01,21119,21,42,46,33,11,27
"148","libertarian",4.61,41.02,7.5,35,161.9,25102,95,86,28,42,79,40
"149","lifehacks",4.24,22.23,9.78,49,98.78,38620,14,38,44,55,44,71
"150","lifeprotips",4.28,29.33,24.63,153,186.4,78903,31,63,83,81,92,93
"151","linux",4.51,36.29,9.28,59,148.5,24583,86,77,40,60,69,39
"152","listentothis",4.38,27.15,5.32,19,50.87,24243,70,57,12,23,13,37
"153","loseit",4.16,31.08,6.64,47,122.7,36851,1,69,23,53,56,68
"154","luciddreaming",4.25,39.57,5.41,2,52.82,16196,19,84,12,2,15,12
"155","magictcg",4.35,24.23,11.47,51,129.6,24107,60,46,52,56,60,36
"156","makeupaddiction",4.19,23.28,13.66,41,125.3,34043,4,43,60,47,58,64
"157","malefashionadvice",4.29,26.32,16.15,94,169,47857,35,53,69,71,84,81
"158","mapporn",4.58,27.09,13.87,66,160.7,36001,93,56,61,64,77,67
"159","math",4.52,40,7.88,32,81.96,18280,87,85,31,41,35,19
"160","meditation",4.5,54.32,4.45,27,40.49,10825,85,95,4,35,6,3
"161","mensrights",4.48,44.71,10.97,61,160.4,24485,84,91,51,61,77,38
"162","mildlyinfuriating",4.32,20.26,14.97,79,118.5,39690,47,28,64,68,54,73
"163","mildlyinteresting",4.39,16.62,32.8,321,179,86486,73,10,90,91,88,95
"164","minecraft",4.33,18.07,17.87,148,163.6,54020,53,16,73,80,80,86
"165","minimalism",4.34,26.77,6.82,13,58.99,18360,56,55,25,15,18,19
"166","montageparodies",4.89,12.43,12.62,21,56.28,15532,100,1,56,26,16,11
"167","motorcycles",4.19,25.12,7.49,37,127.1,24856,4,49,27,43,59,39
"168","movies",4.37,24.64,71.01,542,196.5,90459,65,47,97,96,97,96
"169","murica",4.48,19.7,14.03,74,113.8,36008,84,23,61,66,51,68
"170","music",4.3,24.63,41.62,379,194.7,106869,39,47,93,93,97,99
"171","nba",4.27,17.21,42.76,196,184.8,38964,27,12,93,84,91,72
"172","netflixbestof",4.33,25.36,7.96,21,92.37,28478,53,49,31,26,40,51
"173","netsec",4.64,39.85,6.57,23,61.91,13882,97,84,22,29,20,7
"174","news",4.49,38.9,64.39,1058,194.7,82610,84,83,96,99,97,94
"175","nfl",4.29,20.19,53.38,286,194.5,42303,35,27,95,90,96,75
"176","nofap",4.26,29.3,4.57,14,81.75,23482,21,63,5,16,35,35
"177","nonononoyes",4.32,19.86,13.69,22,51.31,20666,47,23,60,27,14,25
"178","nosleep",4.23,23.43,12.8,24,123.3,43858,11,43,57,30,56,77
"179","nostalgia",4.16,18.24,5.48,0,64.16,24363,1,16,13,0,21,37
"180","nottheonion",4.47,27.03,25.68,197,161.4,52851,82,56,85,85,79,85
"181","oddlysatisfying",4.36,15.93,11.53,23,68.9,31673,64,8,53,29,25,59
"182","offbeat",4.41,28.99,13.5,43,161.4,44268,76,62,59,49,79,78
"183","offmychest",4.21,44.02,12.94,213,120,33407,8,90,58,86,55,63
"184","oldschoolcool",4.34,17.54,12.04,88,97.77,44683,56,15,54,70,43,78
"185","outoftheloop",4.48,30.74,15.58,71,67.23,21818,84,68,66,65,24,29
"186","outside",4.46,26.36,13.97,31,50.78,18536,81,54,61,38,13,20
"187","pcgaming",4.33,33.05,6.99,47,109.3,20993,53,72,25,53,49,26
"188","pcmasterrace",4.33,21.78,19.83,216,181.7,45429,53,37,77,87,89,79
"189","perfecttiming",4.3,15.98,8.97,15,53.92,24149,39,8,37,19,16,37
"190","personalfinance",4.3,56,11.1,139,143.6,39220,39,96,52,78,66,72
"191","pettyrevenge",4.23,28.11,17.29,54,107.4,26553,11,59,72,57,48,44
"192","philosophy",4.7,69.37,4.99,49,108.7,24110,99,99,8,55,49,36
"193","photography",4.37,38.91,6.61,49,99.62,21840,65,83,23,55,45,29
"194","photoshopbattles",4.34,9.78,71.16,462,150,53568,56,0,98,94,70,86
"195","physics",4.62,40.56,5.98,25,57.81,13346,96,85,18,32,17,6
"196","pics",4.34,19.59,77.51,1044,193.5,110851,56,21,98,98,95,100
"197","pokemon",4.37,16.6,20.07,51,152.9,47119,65,10,77,56,73,80
"198","polandball",4.57,18.73,18.91,40,154.2,18378,91,17,76,46,75,20
"199","politics",4.58,42.18,45.09,535,196.6,71425,93,87,94,95,97,92
"200","programming",4.54,38.65,15.43,116,183.5,43809,89,82,66,76,90,77
"201","progresspics",4.19,21.85,5.52,30,77.89,26754,4,38,14,37,31,45
"202","ps4",4.23,26.97,6.55,39,149.1,28448,11,56,21,45,69,50
"203","psychology",4.66,53.39,5.16,18,53.84,14155,98,95,10,21,15,8
"204","quotesporn",4.46,31.96,7.64,27,69.65,23967,81,70,29,35,26,36
"205","reactiongifs",4.28,17.74,21.09,205,143.7,55488,31,15,78,85,67,87
"206","recipes",4.28,36.08,3.8,8,35.23,12254,31,77,1,8,4,4
"207","relationships",4.22,60.34,23.38,160,148.7,32302,10,97,82,81,69,60
"208","roomporn",4.31,20.16,7.2,18,57.93,22750,42,27,26,21,17,32
"209","running",4.19,33.89,7.56,54,81.6,21573,4,75,29,57,35,28
"210","science",4.62,43.24,32.31,313,173.4,73159,96,89,89,91,86,92
"211","scifi",4.43,30.73,9.38,44,136.2,32351,78,68,41,51,62,60
"212","seduction",4.26,43.98,8,25,94.63,23183,21,89,32,32,42,34
"213","self",4.31,36.36,12.23,84,135.3,37192,42,78,55,69,61,69
"214","sex",4.27,40.05,27.96,190,178.1,56094,27,85,87,83,87,87
"215","shittyaskscience",4.51,19.99,17.94,54,70.54,27347,86,25,74,57,27,47
"216","showerthoughts",4.38,20.38,29.59,244,139.1,62045,70,30,88,88,64,89
"217","shutupandtakemymoney",4.28,23.85,5.96,7,64.77,22803,31,45,17,5,22,32
"218","skincareaddiction",4.29,36.3,8.05,18,67.15,14461,35,77,32,21,24,9
"219","skyrim",4.31,19.88,17.1,32,143.2,42337,42,24,71,41,65,76
"220","slowcooking",4.19,30.34,4.54,30,40.69,12399,4,66,4,37,7,4
"221","smashbros",4.35,20.17,21.57,43,136.3,22929,60,27,79,49,62,33
"222","soccer",4.35,19.23,49.83,231,188.4,44258,60,20,95,88,93,77
"223","southpark",4.33,15.74,9.57,3,47.76,17328,53,7,42,3,10,15
"224","space",4.45,30.11,12.81,105,133.3,43658,79,65,57,74,61,76
"225","spaceporn",4.4,22.56,6.59,20,50.83,20416,74,40,22,24,13,25
"226","sports",4.31,23.6,12.36,80,137.1,53248,42,44,55,68,64,85
"227","standupshots",4.34,22.83,10.9,25,71.44,21146,56,41,50,32,28,27
"228","starcraft",4.34,23.19,16.01,41,162.6,37467,56,41,68,47,80,70
"229","starwars",4.3,20.07,10.97,40,100.8,32984,39,26,51,46,45,61
"230","steam",4.31,25.4,9.11,29,92.83,27042,42,50,38,36,40,46
"231","subredditdrama",4.48,30.63,24.04,250,186.4,26511,84,67,83,89,92,43
"232","subredditoftheday",4.52,24.02,7.06,12,26.37,11080,87,45,25,13,2,3
"233","talesfromretail",4.22,33.52,16.49,322,127,26807,10,74,70,91,59,45
"234","talesfromtechsupport",4.32,29.04,19.09,140,158,31842,47,62,76,79,76,59
"235","tattoos",4.21,18.83,6.77,11,83.42,33178,8,18,24,11,36,62
"236","technology",4.53,36.71,65.96,772,197.4,85747,89,80,97,97,99,94
"237","television",4.36,29.69,20.63,141,150.2,62589,64,64,78,79,71,89
"238","tf2",4.32,17.83,15.92,44,115.3,26954,47,16,67,51,52,45
"239","thathappened",4.38,17.48,25.33,60,118.2,29104,70,14,85,61,53,52
"240","thelastairbender",4.36,20.71,18.34,16,103.5,24670,64,31,74,19,47,39
"241","thewalkingdead",4.27,21.47,26.43,20,110.1,33951,27,37,86,24,50,63
"242","tifu",4.23,22.5,39.23,369,170.7,64209,11,39,92,92,85,90
"243","tipofmytongue",4.31,20.49,7.73,42,29.88,12738,42,31,29,48,3,5
"244","todayilearned",4.45,27.56,61.98,588,196.8,97360,79,58,96,96,98,97
"245","topgear",4.27,19.28,9.34,12,60.16,17542,27,20,41,13,19,16
"246","travel",4.28,31.75,5.82,23,80.75,23650,31,70,16,29,33,35
"247","trees",4.28,20.13,21.73,161,180.7,73187,31,26,79,81,89,93
"248","trollxchromosomes",4.24,29.35,16.7,140,116.6,25489,14,64,70,79,52,41
"249","truegaming",4.41,74.41,10.43,44,163.9,30858,76,99,48,51,81,56
"250","truereddit",4.58,58.3,14.58,192,176.4,38113,93,97,62,84,87,71
"251","tumblrinaction",4.55,27.53,30.89,194,184.8,30705,91,57,89,84,91,56
"252","twoxchromosomes",4.32,43.09,21.23,213,160.9,47017,47,88,79,86,78,80
"253","unexpected",4.35,15.07,18.94,57,103.6,40747,60,6,76,59,47,74
"254","upliftingnews",4.38,30.4,8.69,74,49.29,22840,70,67,35,66,11,33
"255","videos",4.35,22.67,115.7,1293,197.8,103206,60,40,99,99,99,99
"256","wallpaper",4.33,16.77,4.22,6,25.85,12309,53,11,3,5,1,4
"257","wallpapers",4.35,16.92,7.53,30,60.38,28140,60,12,28,37,20,49
"258","wearethemusicmakers",4.34,36.35,4.8,8,76.65,17432,56,78,6,8,30,16
"259","web_design",4.46,32.64,5.48,23,77.94,17675,81,72,13,29,31,17
"260","whatcouldgowrong",4.27,19.15,13.16,37,79.19,25845,27,19,58,43,32,42
"261","whatisthisthing",4.33,22.61,13.2,83,66.34,20284,53,40,59,69,23,24
"262","wheredidthesodago",4.33,14.75,18.39,44,92.16,35219,53,5,75,51,40,66
"263","wikipedia",4.53,28.88,6.48,1,67.57,18873,89,61,20,1,25,22
"264","woahdude",4.39,17.42,16.38,135,155.6,68880,73,14,69,78,75,91
"265","worldcup",4.36,23.58,9.83,32,65.88,18248,64,44,44,41,23,18
"266","worldnews",4.59,35.36,85.95,1349,197.4,89935,94,76,99,99,99,96
"267","worldpolitics",4.66,44.96,5.15,32,100.8,17972,98,91,9,41,45,17
"268","wow",4.25,26.22,10.45,65,136.6,35135,19,52,48,63,63,65
"269","writing",4.41,46.4,5.42,29,78.76,18212,76,93,13,36,32,18
"270","writingprompts",4.33,132.8,15.97,377,71.3,28144,53,100,68,93,28,49
"271","wtf",4.32,18.99,78.61,833,196.9,100069,47,19,99,97,98,98
"272","youdontsurf",4.38,10.93,15.86,13,17.74,7485,70,1,67,15,1,1
"273","youshouldknow",4.39,31.29,9.59,78,128.2,43509,73,69,43,68,60,76
"274","youtubehaiku",4.36,14.3,19.17,30,55.57,17494,64,4,77,37,16,16
"275","zelda",4.21,20.29,6.54,14,60.32,18601,8,29,21,16,19,21
